SpeciesName,Country,LeafWidth
Triplaris americana,PERU,180
Triplaris americana,PERU,171
Triplaris americana,PERU,144
Triplaris americana,PERU,135
Triplaris americana,PERU,169
Triplaris americana,PERU,174
Triplaris americana,PERU,92
Triplaris americana,PERU,179
Triplaris americana,PERU,184
Triplaris americana,PERU,107
Triplaris americana,PERU,206
Triplaris americana,PERU,120
Triplaris americana,PERU,104
Triplaris americana,PERU,175
Triplaris americana,PERU,97
Triplaris americana,PERU,196
Triplaris americana,PERU,109.5
Triplaris americana,PERU,135
Triplaris americana,PERU,105
Triplaris americana,PERU,117
Triplaris americana,VENEZUELA,116
Triplaris americana,BRAZIL,165.5
Triplaris americana,BRAZIL,111.5
Triplaris americana,COLOMBIA,153
Triplaris americana,VENEZUELA,171
Triplaris americana,COLOMBIA,111
Triplaris americana,PERU,112
Triplaris americana,PERU,106
Triplaris americana,PERU,107
Triplaris americana,PERU,111
Triplaris americana,PERU,149
Triplaris americana,PERU,83
Triplaris americana,PERU,135
Triplaris americana,BRAZIL,112
Triplaris americana,BRAZIL,75
Triplaris americana,BRAZIL,106
Triplaris americana,BRAZIL,124
Triplaris americana,BRAZIL,125
Triplaris americana,BRAZIL,73
Triplaris americana,BRAZIL,154.5
Triplaris americana,PERU,171
Triplaris americana,PERU,191
Triplaris americana,COLOMBIA,89
Triplaris americana,COLOMBIA,164
Triplaris americana,COLOMBIA,42
Triplaris americana,COLOMBIA,84
Triplaris americana,VENEZUELA,134
Triplaris americana,VENEZUELA,105
Triplaris americana,COLOMBIA,93
Triplaris americana,COLOMBIA,115
Triplaris americana,COLOMBIA,110
